url,contact_page,email
http://www.upwork.com/,403,
http://www.downloadfreeaz.com/,DNS error,
http://www.ondigitalocean.app/,DNS error,
http://www.mamakazan.ru/,DNS error,
http://www.narutoplanet.ru/,403,
http://www.rupec.ru/,SSL error,
http://www.meatinfo.ru/,200,
http://www.yuyukyuk/,DNS error,
http://www.fyjytj/,DNS error,
http://www.zigarettenverband.de/,DNS error,
http://www.moscowfilmschool.ru/,DNS error,
http://www.rus-crowd.ru/,403,
http://www.klubkrik.ru/,DNS error,
http://www.ewf/,DNS error,
http://www.ewf/,DNS error,
http://www.ew/,DNS error,
http://www.bslyun.com/,DNS error,
http://www.downloadfreeaz.com/,521,
http://www.ondigitalocean.app/,DNS error,
http://www.bslyun.com/,DNS error,
http://www.downloadfreeaz.com/,521,
http://www.ondigitalocean.app/,DNS error,
http://www.bslyun.com/,DNS error,
http://www.downloadfreeaz.com/,521,
http://www.ondigitalocean.app/,DNS error,
http://www.bslyun.com/,DNS error,
http://www.downloadfreeaz.com/,521,
http://www.ondigitalocean.app/,DNS error,
http://www.ondigitalocean.app/,DNS error,
http://www.tbeswindonandwilts.co.uk/,SSL error,
http://www.tbeswindonandwilts.co.uk/,SSL error,
http://www.therp.co.uk/,DNS error,
http://www.the-bureau.org.uk/,DNS error,
http://www.erg/,DNS error,
http://www.highgenic.com/,DNS error,
